{
  "subject": "high_school_microeconomics",
  "layer": 31,
  "k": 64,
  "neurons": [
    102,
    515,
    566,
    714,
    953,
    996,
    1050,
    1157,
    1186,
    1831,
    2036,
    2188,
    2223,
    2474,
    2756,
    3084,
    3166,
    3387,
    3487,
    4352,
    4768,
    5082,
    5231,
    5335,
    5540,
    5562,
    5772,
    5933,
    6059,
    6588,
    6657,
    7592,
    7906,
    7944,
    8193,
    8359,
    9658,
    10430,
    10492,
    10620,
    10674,
    10803,
    10850,
    11010,
    11080,
    11314,
    11350,
    11581,
    11752,
    11808,
    12061,
    12252,
    12668,
    12861,
    12913,
    13150,
    13304,
    13336,
    13414,
    13648,
    14073,
    14106,
    14107,
    14276
  ],
  "n_test": 81,
  "n_layers": 32,
  "rows": {
    "clean": {
      "target": 0.654320987654321,
      "general": 0.665625
    },
    "ablate": {
      "target": 0.6666666666666666,
      "general": 0.65
    },
    "ablate_random": {
      "target": 0.6666666666666666,
      "general": 0.66875
    }
  },
  "headline": {
    "target_drop": -0.0123,
    "general_drop": 0.0156,
    "target_drop_random": -0.0123,
    "general_drop_random": -0.0031
  }
}