{
  "subject": "high_school_macroeconomics",
  "onset": 1,
  "elbow_K": 38,
  "n_pos": 365,
  "clean": {
    "target": 0.6134751773049646,
    "general": 0.55
  },
  "disable": {
    "target": 0.23049645390070922,
    "general": 0.2625,
    "tgt_drop": 0.383,
    "gen_drop": 0.2875
  },
  "random": {
    "target": 0.6134751773049646,
    "general": 0.55
  },
  "critical_feats": [
    27523,
    22586,
    27587,
    25280,
    2521,
    22613,
    2835,
    12057,
    8153,
    8295,
    28086,
    21348,
    19686,
    25924,
    26368,
    11044,
    20856,
    20560,
    26791,
    7220,
    1310,
    23986,
    151,
    19899,
    19651,
    1420,
    4820,
    24297,
    27638,
    6556,
    6858,
    16556,
    1490,
    2513,
    15194,
    10021,
    25162,
    4506
  ]
}