{
  "subject": "professional_medicine",
  "onset": 0,
  "elbow_K": 256,
  "n_pos": 5382,
  "clean": {
    "target": 0.22151898734177214,
    "general": 0.55
  },
  "disable": {
    "target": 0.22784810126582278,
    "general": 0.546875,
    "tgt_drop": -0.0063,
    "gen_drop": 0.0031
  },
  "random": {
    "target": 0.22151898734177214,
    "general": 0.55
  },
  "critical_feats": [
    2259,
    11606,
    28632,
    18537,
    20887,
    25597,
    27879,
    25428,
    19759,
    17776,
    8622,
    16846,
    24592,
    22681,
    13979,
    4759,
    24099,
    25390,
    28106,
    1542,
    13000,
    17220,
    2906,
    4492,
    20167,
    11337,
    486,
    9735,
    5613,
    6266,
    15947,
    4836,
    10142,
    14086,
    3796,
    11708,
    9924,
    2597,
    13413,
    28176,
    11189,
    25661,
    28567,
    18768,
    8530,
    10117,
    18487,
    5927,
    10758,
    26073,
    7040,
    6106,
    14719,
    477,
    28307,
    18427,
    21363,
    20574,
    11632,
    15411,
    16450,
    8953,
    27749,
    17109,
    23575,
    6765,
    3850,
    22356,
    20241,
    22503,
    16251,
    11636,
    16384,
    27209,
    23911,
    11258,
    28108,
    1841,
    27898,
    18151,
    12210,
    4723,
    2518,
    21708,
    7960,
    4112,
    3394,
    27393,
    18515,
    14037,
    22685,
    5331,
    10961,
    24003,
    14883,
    21526,
    4949,
    8743,
    4210,
    25030,
    19800,
    9054,
    7518,
    17084,
    6703,
    20094,
    21322,
    13146,
    21508,
    22027,
    1100,
    745,
    23272,
    14531,
    17221,
    22419,
    20180,
    24838,
    21831,
    24977,
    4757,
    8808,
    7360,
    24717,
    1153,
    5695,
    23196,
    18926,
    6023,
    3041,
    8222,
    8994,
    24181,
    9438,
    28603,
    15785,
    701,
    9097,
    8938,
    13008,
    20221,
    10405,
    25005,
    2371,
    23416,
    26710,
    4188,
    4957,
    6182,
    3723,
    10627,
    14921,
    26383,
    27585,
    19942,
    55,
    2274,
    13914,
    8167,
    27747,
    28473,
    13829,
    8746,
    6563,
    8446,
    8317,
    27369,
    17539,
    8029,
    23029,
    9448,
    25741,
    14292,
    10270,
    24938,
    20583,
    8725,
    2550,
    10771,
    7219,
    18327,
    15027,
    20576,
    25871,
    8234,
    19820,
    23583,
    14189,
    1689,
    8946,
    8674,
    28002,
    18295,
    25895,
    5836,
    26580,
    23528,
    703,
    18602,
    26054,
    12851,
    5601,
    23788,
    19857,
    23080,
    14030,
    21653,
    23488,
    5552,
    14044,
    4865,
    3854,
    17102,
    7063,
    13730,
    1508,
    24720,
    10896,
    3287,
    2061,
    15227,
    28588,
    3580,
    5570,
    20857,
    26279,
    26947,
    24655,
    16092,
    15210,
    24184,
    21588,
    18494,
    21303,
    22921,
    14792,
    6313,
    21539,
    13607,
    22158,
    26465,
    1714,
    19409,
    14345,
    302,
    13723,
    14781,
    21698,
    23674,
    26563,
    21055,
    20728,
    24202,
    3426,
    28170,
    2354
  ]
}