{
  "subject": "high_school_mathematics",
  "onset": 0,
  "elbow_K": 256,
  "n_pos": 1937,
  "clean": {
    "target": 0.4557823129251701,
    "general": 0.55
  },
  "disable": {
    "target": 0.43537414965986393,
    "general": 0.54375,
    "tgt_drop": 0.0204,
    "gen_drop": 0.0063
  },
  "random": {
    "target": 0.4557823129251701,
    "general": 0.55
  },
  "critical_feats": [
    5293,
    23286,
    5217,
    19759,
    3824,
    14156,
    1221,
    6555,
    18060,
    8931,
    1068,
    25707,
    4480,
    11189,
    21147,
    28067,
    15465,
    19277,
    5007,
    19425,
    12688,
    11568,
    26762,
    9396,
    4085,
    6179,
    16449,
    8910,
    12742,
    12133,
    22246,
    12575,
    9622,
    7715,
    13209,
    19464,
    26013,
    3688,
    7770,
    7534,
    24904,
    20576,
    20421,
    9663,
    13205,
    6662,
    10179,
    25248,
    28159,
    12525,
    14875,
    11492,
    103,
    23352,
    5528,
    21296,
    18054,
    26260,
    6412,
    340,
    5890,
    10723,
    10199,
    8898,
    1289,
    17745,
    25007,
    4564,
    21507,
    1989,
    17480,
    2964,
    5761,
    872,
    7954,
    13667,
    9548,
    11245,
    1918,
    24396,
    16175,
    7366,
    22684,
    17166,
    7198,
    7818,
    1412,
    14373,
    18268,
    26032,
    7768,
    3276,
    27108,
    528,
    18233,
    14828,
    28227,
    16956,
    14260,
    26254,
    12780,
    19968,
    17308,
    14011,
    2788,
    5223,
    24671,
    13167,
    12485,
    2388,
    22900,
    16311,
    12269,
    17481,
    7653,
    16157,
    1199,
    2146,
    6833,
    25938,
    15077,
    24181,
    12452,
    12671,
    14080,
    18247,
    15520,
    15527,
    12920,
    20887,
    13390,
    12480,
    7337,
    10570,
    23555,
    11397,
    20729,
    17491,
    13374,
    14590,
    23183,
    11290,
    18912,
    1015,
    23371,
    4698,
    11793,
    2970,
    25531,
    25537,
    8759,
    21554,
    15575,
    2066,
    27273,
    25801,
    25527,
    23080,
    8565,
    18782,
    21722,
    5498,
    14028,
    5433,
    1338,
    26722,
    22112,
    14317,
    8109,
    23540,
    20354,
    2803,
    20536,
    2778,
    3304,
    16641,
    27053,
    9242,
    10700,
    16978,
    2707,
    5746,
    8950,
    775,
    12798,
    23499,
    8525,
    15070,
    1655,
    1661,
    1678,
    4612,
    21539,
    20443,
    27418,
    4398,
    11100,
    12715,
    11620,
    9652,
    7707,
    7404,
    27766,
    16232,
    7861,
    1139,
    20720,
    23613,
    9896,
    9301,
    6936,
    5022,
    13929,
    4346,
    17078,
    6238,
    7334,
    5221,
    22927,
    22499,
    6842,
    23408,
    18655,
    16257,
    21503,
    8014,
    24735,
    21318,
    9485,
    5109,
    5717,
    11448,
    266,
    15089,
    26242,
    19884,
    2804,
    14325,
    7953,
    6793,
    24040,
    19591,
    15898,
    19899,
    24884,
    24064,
    11676,
    4720,
    678,
    13644,
    7637,
    1557,
    17847,
    7461,
    291,
    12228
  ]
}